,Gender,Vict_Age
0,Female,38.237359629931625
1,Male,37.54135073686025
2,UNKNOWN,0.970950488247706
